{
"speed.bgm": {
    "category": "record",
"replace": true,
    "sounds": [{"name": "speed/bgm",
"stream": true}]
  },
"speed.ding": {
    "category": "record",
"replace": true,
    "sounds": [{"name": "speed/ding",
"stream": false}]
  },
"speed.hard": {
    "category": "record",
"replace": true,
    "sounds": [{"name": "speed/hard",
"stream": false}]
  },
"speed.clear": {
    "category": "record",
"replace": true,
    "sounds": [{"name": "speed/clear",
"stream": false}]
  },
"speed.next": {
    "category": "record",
"replace": true,
    "sounds": [{"name": "speed/next",
"stream": false}]
  }
}